{"class_name": "Sequential", "config": {"layers": [{"class_name": "Dense", "config": {"kernel_initializer": {"class_name": "VarianceScaling", "config": {"scale": 1.0, "distribution": "uniform", "seed": null, "mode": "fan_avg"}}, "dtype": "float32", "bias_initializer": {"class_name": "Zeros", "config": {}}, "activation": "linear", "kernel_regularizer": null, "use_bias": true, "batch_input_shape": [null, 4], "activity_regularizer": null, "bias_constraint": null, "units": 64, "name": "dense_645", "bias_regularizer": null, "trainable": true, "kernel_constraint": null}}, {"class_name": "Dropout", "config": {"seed": null, "rate": 0.2, "trainable": true, "name": "dropout_68", "noise_shape": null}}, {"class_name": "Activation", "config": {"trainable": true, "name": "activation_481", "activation": "relu"}}, {"class_name": "Dense", "config": {"kernel_initializer": {"class_name": "VarianceScaling", "config": {"scale": 1.0, "distribution": "uniform", "seed": null, "mode": "fan_avg"}}, "use_bias": true, "bias_initializer": {"class_name": "Zeros", "config": {}}, "activation": "linear", "kernel_regularizer": null, "activity_regularizer": null, "bias_constraint": null, "units": 64, "kernel_constraint": null, "bias_regularizer": null, "trainable": true, "name": "dense_646"}}, {"class_name": "Activation", "config": {"trainable": true, "name": "activation_482", "activation": "relu"}}, {"class_name": "Dense", "config": {"kernel_initializer": {"class_name": "VarianceScaling", "config": {"scale": 1.0, "distribution": "uniform", "seed": null, "mode": "fan_avg"}}, "use_bias": true, "bias_initializer": {"class_name": "Zeros", "config": {}}, "activation": "linear", "kernel_regularizer": null, "activity_regularizer": null, "bias_constraint": null, "units": 3, "kernel_constraint": null, "bias_regularizer": null, "trainable": true, "name": "dense_647"}}, {"class_name": "Activation", "config": {"trainable": true, "name": "activation_483", "activation": "softmax"}}], "name": "sequential_221"}, "backend": "tensorflow", "keras_version": "2.2.4"}